datetime,date,hour,predicted_MWh
2026-08-01 00:00:00+02:00,2026-08-01,1,4.077396226072478
2026-08-01 01:00:00+02:00,2026-08-01,2,4.048926771503046
2026-08-01 02:00:00+02:00,2026-08-01,3,4.00537084996186
2026-08-01 03:00:00+02:00,2026-08-01,4,3.977947618560669
2026-08-01 04:00:00+02:00,2026-08-01,5,3.963533288572286
2026-08-01 05:00:00+02:00,2026-08-01,6,3.9549208886427776
2026-08-01 06:00:00+02:00,2026-08-01,7,3.951733920686257
2026-08-01 07:00:00+02:00,2026-08-01,8,3.9542378118051325
2026-08-01 08:00:00+02:00,2026-08-01,9,3.9613560743576954
2026-08-01 09:00:00+02:00,2026-08-01,10,3.9719841191606653
2026-08-01 10:00:00+02:00,2026-08-01,11,3.984791292932468
2026-08-01 11:00:00+02:00,2026-08-01,12,3.9984277886851016
2026-08-01 12:00:00+02:00,2026-08-01,13,4.011650069701723
2026-08-01 13:00:00+02:00,2026-08-01,14,4.0233351777555955
2026-08-01 14:00:00+02:00,2026-08-01,15,4.032524160956944
2026-08-01 15:00:00+02:00,2026-08-01,16,4.038482038418738
2026-08-01 16:00:00+02:00,2026-08-01,17,4.040740271363677
2026-08-01 17:00:00+02:00,2026-08-01,18,4.039117527642853
2026-08-01 18:00:00+02:00,2026-08-01,19,4.033737777461335
2026-08-01 19:00:00+02:00,2026-08-01,20,4.025137679713271
2026-08-01 20:00:00+02:00,2026-08-01,21,4.013837811563783
2026-08-01 21:00:00+02:00,2026-08-01,22,4.000543518455876
2026-08-01 22:00:00+02:00,2026-08-01,23,3.9861808928386893
2026-08-01 23:00:00+02:00,2026-08-01,24,3.9717560360553668
2026-08-02 00:00:00+02:00,2026-08-02,1,3.9369685390136397
2026-08-02 01:00:00+02:00,2026-08-02,2,3.9153554464941562
2026-08-02 02:00:00+02:00,2026-08-02,3,3.9038288530775516
2026-08-02 03:00:00+02:00,2026-08-02,4,3.8955874912619395
2026-08-02 04:00:00+02:00,2026-08-02,5,3.8912686928067677
2026-08-02 05:00:00+02:00,2026-08-02,6,3.8916950454072374
2026-08-02 06:00:00+02:00,2026-08-02,7,3.896239823305905
2026-08-02 07:00:00+02:00,2026-08-02,8,3.9042664526378354
2026-08-02 08:00:00+02:00,2026-08-02,9,3.915018675009578
2026-08-02 09:00:00+02:00,2026-08-02,10,3.927433059557993
2026-08-02 10:00:00+02:00,2026-08-02,11,3.940401583066554
2026-08-02 11:00:00+02:00,2026-08-02,12,3.9528471210415033
2026-08-02 12:00:00+02:00,2026-08-02,13,3.963746962692979
2026-08-02 13:00:00+02:00,2026-08-02,14,3.9721874304939258
2026-08-02 14:00:00+02:00,2026-08-02,15,3.977426912446204
2026-08-02 15:00:00+02:00,2026-08-02,16,3.978945499417831
2026-08-02 16:00:00+02:00,2026-08-02,17,3.9764783276307183
2026-08-02 17:00:00+02:00,2026-08-02,18,3.9700703663667287
2026-08-02 18:00:00+02:00,2026-08-02,19,3.960136738216658
2026-08-02 19:00:00+02:00,2026-08-02,20,3.9470691002784797
2026-08-02 20:00:00+02:00,2026-08-02,21,3.9314942551503993
2026-08-02 21:00:00+02:00,2026-08-02,22,3.914278512528857
2026-08-02 22:00:00+02:00,2026-08-02,23,3.8963943270141
2026-08-02 23:00:00+02:00,2026-08-02,24,3.87883966737619
2026-08-03 00:00:00+02:00,2026-08-03,1,3.9721199484667453
2026-08-03 01:00:00+02:00,2026-08-03,2,3.996749234613419
2026-08-03 02:00:00+02:00,2026-08-03,3,3.9821158778178254
2026-08-03 03:00:00+02:00,2026-08-03,4,3.9756336473409997
2026-08-03 04:00:00+02:00,2026-08-03,5,3.980379966569193
2026-08-03 05:00:00+02:00,2026-08-03,6,3.98831733787906
2026-08-03 06:00:00+02:00,2026-08-03,7,3.999112854124083
2026-08-03 07:00:00+02:00,2026-08-03,8,4.013545810776488
2026-08-03 08:00:00+02:00,2026-08-03,9,4.030854427633656
2026-08-03 09:00:00+02:00,2026-08-03,10,4.0498601561781005
2026-08-03 10:00:00+02:00,2026-08-03,11,4.069513595117079
2026-08-03 11:00:00+02:00,2026-08-03,12,4.08881625319372
2026-08-03 12:00:00+02:00,2026-08-03,13,4.1067918398924
2026-08-03 13:00:00+02:00,2026-08-03,14,4.122563413126443
2026-08-03 14:00:00+02:00,2026-08-03,15,4.135427609010404
2026-08-03 15:00:00+02:00,2026-08-03,16,4.144902099685546
2026-08-03 16:00:00+02:00,2026-08-03,17,4.150757046382417
2026-08-03 17:00:00+02:00,2026-08-03,18,4.1530329549188405
2026-08-03 18:00:00+02:00,2026-08-03,19,4.152040996715247
2026-08-03 19:00:00+02:00,2026-08-03,20,4.148342616866608
2026-08-03 20:00:00+02:00,2026-08-03,21,4.142814004730063
2026-08-03 21:00:00+02:00,2026-08-03,22,4.136308745019621
2026-08-03 22:00:00+02:00,2026-08-03,23,4.129765314218744
2026-08-03 23:00:00+02:00,2026-08-03,24,4.1242406504870965
2026-08-04 00:00:00+02:00,2026-08-04,1,4.102433886860748
2026-08-04 01:00:00+02:00,2026-08-04,2,4.092892546394009
2026-08-04 02:00:00+02:00,2026-08-04,3,4.090937292411226
2026-08-04 03:00:00+02:00,2026-08-04,4,4.0913543194596524
2026-08-04 04:00:00+02:00,2026-08-04,5,4.095523964085483
2026-08-04 05:00:00+02:00,2026-08-04,6,4.104227934754477
2026-08-04 06:00:00+02:00,2026-08-04,7,4.116814054308994
2026-08-04 07:00:00+02:00,2026-08-04,8,4.132527898675799
2026-08-04 08:00:00+02:00,2026-08-04,9,4.150622119160382
2026-08-04 09:00:00+02:00,2026-08-04,10,4.170172445544895
2026-08-04 10:00:00+02:00,2026-08-04,11,4.1901262545645
2026-08-04 11:00:00+02:00,2026-08-04,12,4.20941472977476
2026-08-04 12:00:00+02:00,2026-08-04,13,4.227039081911939
2026-08-04 13:00:00+02:00,2026-08-04,14,4.242128798610937
2026-08-04 14:00:00+02:00,2026-08-04,15,4.253983178640703
2026-08-04 15:00:00+02:00,2026-08-04,16,4.262111038845255
2026-08-04 16:00:00+02:00,2026-08-04,17,4.266265694479276
2026-08-04 17:00:00+02:00,2026-08-04,18,4.266465623097715
2026-08-04 18:00:00+02:00,2026-08-04,19,4.2629982894859175
2026-08-04 19:00:00+02:00,2026-08-04,20,4.256479751358826
2026-08-04 20:00:00+02:00,2026-08-04,21,4.247676533775096
2026-08-04 21:00:00+02:00,2026-08-04,22,4.237337769543056
2026-08-04 22:00:00+02:00,2026-08-04,23,4.22638690091003
2026-08-04 23:00:00+02:00,2026-08-04,24,4.2158367138491
2026-08-05 00:00:00+02:00,2026-08-05,1,4.188191912579611
2026-08-05 01:00:00+02:00,2026-08-05,2,4.176339251595629
2026-08-05 02:00:00+02:00,2026-08-05,3,4.17429969458761
2026-08-05 03:00:00+02:00,2026-08-05,4,4.174114957357033
2026-08-05 04:00:00+02:00,2026-08-05,5,4.177076051694475
2026-08-05 05:00:00+02:00,2026-08-05,6,4.184575817511093
2026-08-05 06:00:00+02:00,2026-08-05,7,4.195996918645435
2026-08-05 07:00:00+02:00,2026-08-05,8,4.210422810320775
2026-08-05 08:00:00+02:00,2026-08-05,9,4.22708747568057
2026-08-05 09:00:00+02:00,2026-08-05,10,4.245115690297052
2026-08-05 10:00:00+02:00,2026-08-05,11,4.263487727962154
2026-08-05 11:00:00+02:00,2026-08-05,12,4.28115252849626
2026-08-05 12:00:00+02:00,2026-08-05,13,4.297118595578526
2026-08-05 13:00:00+02:00,2026-08-05,14,4.310513535887082
2026-08-05 14:00:00+02:00,2026-08-05,15,4.320635185367813
2026-08-05 15:00:00+02:00,2026-08-05,16,4.326996932199548
2026-08-05 16:00:00+02:00,2026-08-05,17,4.329361416251523
2026-08-05 17:00:00+02:00,2026-08-05,18,4.327758522411011
2026-08-05 18:00:00+02:00,2026-08-05,19,4.3224997760978985
2026-08-05 19:00:00+02:00,2026-08-05,20,4.314283016864319
2026-08-05 20:00:00+02:00,2026-08-05,21,4.30375379331665
2026-08-05 21:00:00+02:00,2026-08-05,22,4.29170321278117
2026-08-05 22:00:00+02:00,2026-08-05,23,4.279116518894882
2026-08-05 23:00:00+02:00,2026-08-05,24,4.267030592666057
2026-08-06 00:00:00+02:00,2026-08-06,1,4.235407887918825
2026-08-06 01:00:00+02:00,2026-08-06,2,4.220583596292186
2026-08-06 02:00:00+02:00,2026-08-06,3,4.217294534732364
2026-08-06 03:00:00+02:00,2026-08-06,4,4.215844945176026
2026-08-06 04:00:00+02:00,2026-08-06,5,4.217083045486808
2026-08-06 05:00:00+02:00,2026-08-06,6,4.222783049190267
2026-08-06 06:00:00+02:00,2026-08-06,7,4.23250215071127
2026-08-06 07:00:00+02:00,2026-08-06,8,4.245238496554085
2026-08-06 08:00:00+02:00,2026-08-06,9,4.26017578996929
2026-08-06 09:00:00+02:00,2026-08-06,10,4.276461758108905
2026-08-06 10:00:00+02:00,2026-08-06,11,4.293100840004596
2026-08-06 11:00:00+02:00,2026-08-06,12,4.309048550482322
2026-08-06 12:00:00+02:00,2026-08-06,13,4.323311411219982
2026-08-06 13:00:00+02:00,2026-08-06,14,4.335011478974872
2026-08-06 14:00:00+02:00,2026-08-06,15,4.3434397903067135
2026-08-06 15:00:00+02:00,2026-08-06,16,4.348103912262976
2026-08-06 16:00:00+02:00,2026-08-06,17,4.34876253825953
2026-08-06 17:00:00+02:00,2026-08-06,18,4.345444265509673
2026-08-06 18:00:00+02:00,2026-08-06,19,4.338521048785434
2026-08-06 19:00:00+02:00,2026-08-06,20,4.328616020330035
2026-08-06 20:00:00+02:00,2026-08-06,21,4.316331191200579
2026-08-06 21:00:00+02:00,2026-08-06,22,4.302491310571325
2026-08-06 22:00:00+02:00,2026-08-06,23,4.28809467675789
2026-08-06 23:00:00+02:00,2026-08-06,24,4.274169095392991
2026-08-07 00:00:00+02:00,2026-08-07,1,4.240611922619143
2026-08-07 01:00:00+02:00,2026-08-07,2,4.2239622703587125
2026-08-07 02:00:00+02:00,2026-08-07,3,4.219004300485617
2026-08-07 03:00:00+02:00,2026-08-07,4,4.215872906356931
2026-08-07 04:00:00+02:00,2026-08-07,5,4.215365826185286
2026-08-07 05:00:00+02:00,2026-08-07,6,4.21929324576531
2026-08-07 06:00:00+02:00,2026-08-07,7,4.227178054276471
2026-08-07 07:00:00+02:00,2026-08-07,8,4.238138892994752
2026-08-07 08:00:00+02:00,2026-08-07,9,4.251338740698515
2026-08-07 09:00:00+02:00,2026-08-07,10,4.265896955490815
2026-08-07 10:00:00+02:00,2026-08-07,11,4.280821225921079
2026-08-07 11:00:00+02:00,2026-08-07,12,4.295073841378532
2026-08-07 12:00:00+02:00,2026-08-07,13,4.307661111240102
2026-08-07 13:00:00+02:00,2026-08-07,14,4.3177018446101325
2026-08-07 14:00:00+02:00,2026-08-07,15,4.324483666923245
2026-08-07 15:00:00+02:00,2026-08-07,16,4.3275109393316065
2026-08-07 16:00:00+02:00,2026-08-07,17,4.326539531758996
2026-08-07 17:00:00+02:00,2026-08-07,18,4.3216015650513455
2026-08-07 18:00:00+02:00,2026-08-07,19,4.313139259028775
2026-08-07 19:00:00+02:00,2026-08-07,20,4.301638616707538
2026-08-07 20:00:00+02:00,2026-08-07,21,4.287714509906211
2026-08-07 21:00:00+02:00,2026-08-07,22,4.272230693926111
2026-08-07 22:00:00+02:00,2026-08-07,23,4.2561861044677505
2026-08-07 23:00:00+02:00,2026-08-07,24,4.240602200187676
2026-08-08 00:00:00+02:00,2026-08-08,1,4.07821898442039
2026-08-08 01:00:00+02:00,2026-08-08,2,4.00117154219073
2026-08-08 02:00:00+02:00,2026-08-08,3,3.9683549990349203
2026-08-08 03:00:00+02:00,2026-08-08,4,3.9375488792188778
2026-08-08 04:00:00+02:00,2026-08-08,5,3.9178428044037705
2026-08-08 05:00:00+02:00,2026-08-08,6,3.9117987868892996
2026-08-08 06:00:00+02:00,2026-08-08,7,3.9149481066652863
2026-08-08 07:00:00+02:00,2026-08-08,8,3.9258622110239454
2026-08-08 08:00:00+02:00,2026-08-08,9,3.944056890095082
2026-08-08 09:00:00+02:00,2026-08-08,10,3.967475461705817
2026-08-08 10:00:00+02:00,2026-08-08,11,3.993536507699117
2026-08-08 11:00:00+02:00,2026-08-08,12,4.0198970459577055
2026-08-08 12:00:00+02:00,2026-08-08,13,4.04444583897833
2026-08-08 13:00:00+02:00,2026-08-08,14,4.065264026970723
2026-08-08 14:00:00+02:00,2026-08-08,15,4.080725811069857
2026-08-08 15:00:00+02:00,2026-08-08,16,4.089623593854605
2026-08-08 16:00:00+02:00,2026-08-08,17,4.091248123719276
2026-08-08 17:00:00+02:00,2026-08-08,18,4.085426971976325
2026-08-08 18:00:00+02:00,2026-08-08,19,4.072664842433678
2026-08-08 19:00:00+02:00,2026-08-08,20,4.05412400000022
2026-08-08 20:00:00+02:00,2026-08-08,21,4.030782312966021
2026-08-08 21:00:00+02:00,2026-08-08,22,4.004007331283576
2026-08-08 22:00:00+02:00,2026-08-08,23,3.975623354491862
2026-08-08 23:00:00+02:00,2026-08-08,24,3.9475904737372414
2026-08-09 00:00:00+02:00,2026-08-09,1,3.881894410569879
2026-08-09 01:00:00+02:00,2026-08-09,2,3.838972868307506
2026-08-09 02:00:00+02:00,2026-08-09,3,3.821241066644861
2026-08-09 03:00:00+02:00,2026-08-09,4,3.8095777624746168
2026-08-09 04:00:00+02:00,2026-08-09,5,3.8028622916176875
2026-08-09 05:00:00+02:00,2026-08-09,6,3.805291960079731
2026-08-09 06:00:00+02:00,2026-08-09,7,3.8161797247448996
2026-08-09 07:00:00+02:00,2026-08-09,8,3.8337939826615264
2026-08-09 08:00:00+02:00,2026-08-09,9,3.8565757938450664
2026-08-09 09:00:00+02:00,2026-08-09,10,3.8825915700388673
2026-08-09 10:00:00+02:00,2026-08-09,11,3.9097261892915154
2026-08-09 11:00:00+02:00,2026-08-09,12,3.935899004282364
2026-08-09 12:00:00+02:00,2026-08-09,13,3.959145404413672
2026-08-09 13:00:00+02:00,2026-08-09,14,3.9777035417098476
2026-08-09 14:00:00+02:00,2026-08-09,15,3.9901326395050836
2026-08-09 15:00:00+02:00,2026-08-09,16,3.9954164118215205
2026-08-09 16:00:00+02:00,2026-08-09,17,3.9930312930926073
2026-08-09 17:00:00+02:00,2026-08-09,18,3.983027614281654
2026-08-09 18:00:00+02:00,2026-08-09,19,3.9663496750968497
2026-08-09 19:00:00+02:00,2026-08-09,20,3.9437869069723748
2026-08-09 20:00:00+02:00,2026-08-09,21,3.916389479944871
2026-08-09 21:00:00+02:00,2026-08-09,22,3.8857853962716122
2026-08-09 22:00:00+02:00,2026-08-09,23,3.8538821404176806
2026-08-09 23:00:00+02:00,2026-08-09,24,3.822622840557502
2026-08-10 00:00:00+02:00,2026-08-10,1,3.9836788426235565
2026-08-10 01:00:00+02:00,2026-08-10,2,4.048282022182416
2026-08-10 02:00:00+02:00,2026-08-10,3,4.019944920709976
2026-08-10 03:00:00+02:00,2026-08-10,4,3.9971673115440094
2026-08-10 04:00:00+02:00,2026-08-10,5,4.002793255416494
2026-08-10 05:00:00+02:00,2026-08-10,6,4.0169323783381605
2026-08-10 06:00:00+02:00,2026-08-10,7,4.034353372687431
2026-08-10 07:00:00+02:00,2026-08-10,8,4.058362094297923
2026-08-10 08:00:00+02:00,2026-08-10,9,4.088421294392524
2026-08-10 09:00:00+02:00,2026-08-10,10,4.121797599335879
2026-08-10 10:00:00+02:00,2026-08-10,11,4.156142501826923
2026-08-10 11:00:00+02:00,2026-08-10,12,4.189540977907397
2026-08-10 12:00:00+02:00,2026-08-10,13,4.220130832389826
2026-08-10 13:00:00+02:00,2026-08-10,14,4.246176315148027
2026-08-10 14:00:00+02:00,2026-08-10,15,4.266268769017122
2026-08-10 15:00:00+02:00,2026-08-10,16,4.279439543186204
2026-08-10 16:00:00+02:00,2026-08-10,17,4.285214162233748
2026-08-10 17:00:00+02:00,2026-08-10,18,4.283645628563939
2026-08-10 18:00:00+02:00,2026-08-10,19,4.275339302828726
2026-08-10 19:00:00+02:00,2026-08-10,20,4.261623572682388
2026-08-10 20:00:00+02:00,2026-08-10,21,4.243943943458108
2026-08-10 21:00:00+02:00,2026-08-10,22,4.223827449018559
2026-08-10 22:00:00+02:00,2026-08-10,23,4.203133391740296
2026-08-10 23:00:00+02:00,2026-08-10,24,4.183935631238767
2026-08-11 00:00:00+02:00,2026-08-11,1,4.13743502841755
2026-08-11 01:00:00+02:00,2026-08-11,2,4.1116585222117195
2026-08-11 02:00:00+02:00,2026-08-11,3,4.103801765187306
2026-08-11 03:00:00+02:00,2026-08-11,4,4.1004694733609846
2026-08-11 04:00:00+02:00,2026-08-11,5,4.103194637083375
2026-08-11 05:00:00+02:00,2026-08-11,6,4.114996442495617
2026-08-11 06:00:00+02:00,2026-08-11,7,4.134988981430944
2026-08-11 07:00:00+02:00,2026-08-11,8,4.161217304988568
2026-08-11 08:00:00+02:00,2026-08-11,9,4.19207686369691
2026-08-11 09:00:00+02:00,2026-08-11,10,4.2258462956893945
2026-08-11 10:00:00+02:00,2026-08-11,11,4.260501610782096
2026-08-11 11:00:00+02:00,2026-08-11,12,4.293943748492622
2026-08-11 12:00:00+02:00,2026-08-11,13,4.324203016906263
2026-08-11 13:00:00+02:00,2026-08-11,14,4.349553929850133
2026-08-11 14:00:00+02:00,2026-08-11,15,4.3686039056903105
2026-08-11 15:00:00+02:00,2026-08-11,16,4.380376790339122
2026-08-11 16:00:00+02:00,2026-08-11,17,4.384380535828386
2026-08-11 17:00:00+02:00,2026-08-11,18,4.380647669316751
2026-08-11 18:00:00+02:00,2026-08-11,19,4.369788569663248
2026-08-11 19:00:00+02:00,2026-08-11,20,4.35320988369058
2026-08-11 20:00:00+02:00,2026-08-11,21,4.332148074022562
2026-08-11 21:00:00+02:00,2026-08-11,22,4.3080382214657815
2026-08-11 22:00:00+02:00,2026-08-11,23,4.2827273677002395
2026-08-11 23:00:00+02:00,2026-08-11,24,4.258227286296105
2026-08-12 00:00:00+02:00,2026-08-12,1,4.205409057861575
2026-08-12 01:00:00+02:00,2026-08-12,2,4.17663838605619
2026-08-12 02:00:00+02:00,2026-08-12,3,4.168907501639833
2026-08-12 03:00:00+02:00,2026-08-12,4,4.165431782095803
2026-08-12 04:00:00+02:00,2026-08-12,5,4.1670167007260055
2026-08-12 05:00:00+02:00,2026-08-12,6,4.177641124408076
2026-08-12 06:00:00+02:00,2026-08-12,7,4.196621881249234
2026-08-12 07:00:00+02:00,2026-08-12,8,4.221759671881891
2026-08-12 08:00:00+02:00,2026-08-12,9,4.251346749924351
2026-08-12 09:00:00+02:00,2026-08-12,10,4.283737573419595
2026-08-12 10:00:00+02:00,2026-08-12,11,4.316978849470499
2026-08-12 11:00:00+02:00,2026-08-12,12,4.348993556736753
2026-08-12 12:00:00+02:00,2026-08-12,13,4.377813705711824
2026-08-12 13:00:00+02:00,2026-08-12,14,4.401707333598442
2026-08-12 14:00:00+02:00,2026-08-12,15,4.419273094146698
2026-08-12 15:00:00+02:00,2026-08-12,16,4.4295308487911065
2026-08-12 16:00:00+02:00,2026-08-12,17,4.4319912905857475
2026-08-12 17:00:00+02:00,2026-08-12,18,4.426694189933663
2026-08-12 18:00:00+02:00,2026-08-12,19,4.414315384901861
2026-08-12 19:00:00+02:00,2026-08-12,20,4.3962739733383644
2026-08-12 20:00:00+02:00,2026-08-12,21,4.373701361039589
2026-08-12 21:00:00+02:00,2026-08-12,22,4.3480631425037055
2026-08-12 22:00:00+02:00,2026-08-12,23,4.321284239615781
2026-08-12 23:00:00+02:00,2026-08-12,24,4.295408991798457
2026-08-13 00:00:00+02:00,2026-08-13,1,4.2349669334479865
2026-08-13 01:00:00+02:00,2026-08-13,2,4.199862855093068
2026-08-13 02:00:00+02:00,2026-08-13,3,4.190923444998349
2026-08-13 03:00:00+02:00,2026-08-13,4,4.187053326653913
2026-08-13 04:00:00+02:00,2026-08-13,5,4.186763805672364
2026-08-13 05:00:00+02:00,2026-08-13,6,4.195211923908646
2026-08-13 06:00:00+02:00,2026-08-13,7,4.212354682054206
2026-08-13 07:00:00+02:00,2026-08-13,8,4.235811188006656
2026-08-13 08:00:00+02:00,2026-08-13,9,4.263643613826334
2026-08-13 09:00:00+02:00,2026-08-13,10,4.29423285345772
2026-08-13 10:00:00+02:00,2026-08-13,11,4.32570003469094
2026-08-13 11:00:00+02:00,2026-08-13,12,4.355981468931072
2026-08-13 12:00:00+02:00,2026-08-13,13,4.383096021213412
2026-08-13 13:00:00+02:00,2026-08-13,14,4.405300996736553
2026-08-13 14:00:00+02:00,2026-08-13,15,4.421185605324178
2026-08-13 15:00:00+02:00,2026-08-13,16,4.429759028866458
2026-08-13 16:00:00+02:00,2026-08-13,17,4.430522228338869
2026-08-13 17:00:00+02:00,2026-08-13,18,4.423510443695885
2026-08-13 18:00:00+02:00,2026-08-13,19,4.409520979990922
2026-08-13 19:00:00+02:00,2026-08-13,20,4.389801799385349
2026-08-13 20:00:00+02:00,2026-08-13,21,4.365424055400219
2026-08-13 21:00:00+02:00,2026-08-13,22,4.337910771995146
2026-08-13 22:00:00+02:00,2026-08-13,23,4.309213946463756
2026-08-13 23:00:00+02:00,2026-08-13,24,4.281362659253627
2026-08-14 00:00:00+02:00,2026-08-14,1,4.218689375594956
2026-08-14 01:00:00+02:00,2026-08-14,2,4.181445173749675
2026-08-14 02:00:00+02:00,2026-08-14,3,4.170725666351215
2026-08-14 03:00:00+02:00,2026-08-14,4,4.165141550829776
2026-08-14 04:00:00+02:00,2026-08-14,5,4.1629919798625625
2026-08-14 05:00:00+02:00,2026-08-14,6,4.169517552639645
2026-08-14 06:00:00+02:00,2026-08-14,7,4.184624687195482
2026-08-14 07:00:00+02:00,2026-08-14,8,4.206149132627695
2026-08-14 08:00:00+02:00,2026-08-14,9,4.232147649365825
2026-08-14 09:00:00+02:00,2026-08-14,10,4.260928918175853
2026-08-14 10:00:00+02:00,2026-08-14,11,4.290606334556363
2026-08-14 11:00:00+02:00,2026-08-14,12,4.319133168810181
2026-08-14 12:00:00+02:00,2026-08-14,13,4.344531438486616
2026-08-14 13:00:00+02:00,2026-08-14,14,4.365051869516099
2026-08-14 14:00:00+02:00,2026-08-14,15,4.37927676445436
2026-08-14 15:00:00+02:00,2026-08-14,16,4.386209333328684
2026-08-14 16:00:00+02:00,2026-08-14,17,4.385344801532958
2026-08-14 17:00:00+02:00,2026-08-14,18,4.376721958318177
2026-08-14 18:00:00+02:00,2026-08-14,19,4.361266722677662
2026-08-14 19:00:00+02:00,2026-08-14,20,4.339995196270362
2026-08-14 20:00:00+02:00,2026-08-14,21,4.31396316524831
2026-08-14 21:00:00+02:00,2026-08-14,22,4.284774496931237
2026-08-14 22:00:00+02:00,2026-08-14,23,4.254392853065432
2026-08-14 23:00:00+02:00,2026-08-14,24,4.2248288878790685
2026-08-15 00:00:00+02:00,2026-08-15,1,4.074959740339122
2026-08-15 01:00:00+02:00,2026-08-15,2,3.9658968136065136
2026-08-15 02:00:00+02:00,2026-08-15,3,3.928180434693818
2026-08-15 03:00:00+02:00,2026-08-15,4,3.900366659441392
2026-08-15 04:00:00+02:00,2026-08-15,5,3.8761913183417125
2026-08-15 05:00:00+02:00,2026-08-15,6,3.869952403261652
2026-08-15 06:00:00+02:00,2026-08-15,7,3.8791898603113175
2026-08-15 07:00:00+02:00,2026-08-15,8,3.898549818252932
2026-08-15 08:00:00+02:00,2026-08-15,9,3.9272662470367177
2026-08-15 09:00:00+02:00,2026-08-15,10,3.9630073313817666
2026-08-15 10:00:00+02:00,2026-08-15,11,4.002056183754467
2026-08-15 11:00:00+02:00,2026-08-15,12,4.040948736295048
2026-08-15 12:00:00+02:00,2026-08-15,13,4.076715856191408
2026-08-15 13:00:00+02:00,2026-08-15,14,4.106688501210062
2026-08-15 14:00:00+02:00,2026-08-15,15,4.128580500551406
2026-08-15 15:00:00+02:00,2026-08-15,16,4.140698051956642
2026-08-15 16:00:00+02:00,2026-08-15,17,4.142074851345738
2026-08-15 17:00:00+02:00,2026-08-15,18,4.1325289366237765
2026-08-15 18:00:00+02:00,2026-08-15,19,4.113002322035324
2026-08-15 19:00:00+02:00,2026-08-15,20,4.085250047698333
2026-08-15 20:00:00+02:00,2026-08-15,21,4.050612342858364
2026-08-15 21:00:00+02:00,2026-08-15,22,4.011002269323578
2026-08-15 22:00:00+02:00,2026-08-15,23,3.9690831693545947
2026-08-15 23:00:00+02:00,2026-08-15,24,3.927729647994169
2026-08-16 00:00:00+02:00,2026-08-16,1,3.835931782473901
2026-08-16 01:00:00+02:00,2026-08-16,2,3.769511469178676
2026-08-16 02:00:00+02:00,2026-08-16,3,3.7437592740991015
2026-08-16 03:00:00+02:00,2026-08-16,4,3.729660343136077
2026-08-16 04:00:00+02:00,2026-08-16,5,3.720001276120124
2026-08-16 05:00:00+02:00,2026-08-16,6,3.7228654780902204
2026-08-16 06:00:00+02:00,2026-08-16,7,3.739206180832613
2026-08-16 07:00:00+02:00,2026-08-16,8,3.765831949903278
2026-08-16 08:00:00+02:00,2026-08-16,9,3.799984265941374
2026-08-16 09:00:00+02:00,2026-08-16,10,3.8389386654296396
2026-08-16 10:00:00+02:00,2026-08-16,11,3.8796834704595162
2026-08-16 11:00:00+02:00,2026-08-16,12,3.9191444409214746
2026-08-16 12:00:00+02:00,2026-08-16,13,3.954420936376061
2026-08-16 13:00:00+02:00,2026-08-16,14,3.982923053699567
2026-08-16 14:00:00+02:00,2026-08-16,15,4.002519767252065
2026-08-16 15:00:00+02:00,2026-08-16,16,4.0116920410769525
2026-08-16 16:00:00+02:00,2026-08-16,17,4.009642032843592
2026-08-16 17:00:00+02:00,2026-08-16,18,3.9963975974328423
2026-08-16 18:00:00+02:00,2026-08-16,19,3.9734407440140833
2026-08-16 19:00:00+02:00,2026-08-16,20,3.9420560530061968
2026-08-16 20:00:00+02:00,2026-08-16,21,3.9035597886416147
2026-08-16 21:00:00+02:00,2026-08-16,22,3.8601972738545296
2026-08-16 22:00:00+02:00,2026-08-16,23,3.8147837312108828
2026-08-16 23:00:00+02:00,2026-08-16,24,3.7701853523147424
2026-08-17 00:00:00+02:00,2026-08-17,1,3.9797098800990476
2026-08-17 01:00:00+02:00,2026-08-17,2,4.09073852419742
2026-08-17 02:00:00+02:00,2026-08-17,3,4.057224835646432
2026-08-17 03:00:00+02:00,2026-08-17,4,4.013919221495824
2026-08-17 04:00:00+02:00,2026-08-17,5,4.01703127616486
2026-08-17 05:00:00+02:00,2026-08-17,6,4.038927276599097
2026-08-17 06:00:00+02:00,2026-08-17,7,4.063381853961214
2026-08-17 07:00:00+02:00,2026-08-17,8,4.095968959897951
2026-08-17 08:00:00+02:00,2026-08-17,9,4.138156587559096
2026-08-17 09:00:00+02:00,2026-08-17,10,4.185771338476991
2026-08-17 10:00:00+02:00,2026-08-17,11,4.234667095731716
2026-08-17 11:00:00+02:00,2026-08-17,12,4.281959416852399
2026-08-17 12:00:00+02:00,2026-08-17,13,4.325055093083456
2026-08-17 13:00:00+02:00,2026-08-17,14,4.36142146590223
2026-08-17 14:00:00+02:00,2026-08-17,15,4.388938845492276
2026-08-17 15:00:00+02:00,2026-08-17,16,4.406148737653409
2026-08-17 16:00:00+02:00,2026-08-17,17,4.412330952530474
2026-08-17 17:00:00+02:00,2026-08-17,18,4.407538810185261
2026-08-17 18:00:00+02:00,2026-08-17,19,4.392691608270157
2026-08-17 19:00:00+02:00,2026-08-17,20,4.369977086324144
2026-08-17 20:00:00+02:00,2026-08-17,21,4.341233395206817
2026-08-17 21:00:00+02:00,2026-08-17,22,4.308537878271188
2026-08-17 22:00:00+02:00,2026-08-17,23,4.274636068862125
2026-08-17 23:00:00+02:00,2026-08-17,24,4.242603264247988
2026-08-18 00:00:00+02:00,2026-08-18,1,4.176205667995152
2026-08-18 01:00:00+02:00,2026-08-18,2,4.134451941891094
2026-08-18 02:00:00+02:00,2026-08-18,3,4.119942344595589
2026-08-18 03:00:00+02:00,2026-08-18,4,4.112906387759869
2026-08-18 04:00:00+02:00,2026-08-18,5,4.113459498699765
2026-08-18 05:00:00+02:00,2026-08-18,6,4.127331365091056
2026-08-18 06:00:00+02:00,2026-08-18,7,4.153947275009197
2026-08-18 07:00:00+02:00,2026-08-18,8,4.190121548581515
2026-08-18 08:00:00+02:00,2026-08-18,9,4.233152344560429
2026-08-18 09:00:00+02:00,2026-08-18,10,4.280549948922399
2026-08-18 10:00:00+02:00,2026-08-18,11,4.329409168947246
2026-08-18 11:00:00+02:00,2026-08-18,12,4.376628908718261
2026-08-18 12:00:00+02:00,2026-08-18,13,4.419280255426745
2026-08-18 13:00:00+02:00,2026-08-18,14,4.454796434521533
2026-08-18 14:00:00+02:00,2026-08-18,15,4.481096771005198
2026-08-18 15:00:00+02:00,2026-08-18,16,4.496712543885383
2026-08-18 16:00:00+02:00,2026-08-18,17,4.500891166502486
2026-08-18 17:00:00+02:00,2026-08-18,18,4.493658641808885
2026-08-18 18:00:00+02:00,2026-08-18,19,4.475993892301925
2026-08-18 19:00:00+02:00,2026-08-18,20,4.450095719112558
2026-08-18 20:00:00+02:00,2026-08-18,21,4.417575223315497
2026-08-18 21:00:00+02:00,2026-08-18,22,4.380408850463674
2026-08-18 22:00:00+02:00,2026-08-18,23,4.3413220609042105
2026-08-18 23:00:00+02:00,2026-08-18,24,4.303304785288655
2026-08-19 00:00:00+02:00,2026-08-19,1,4.229687504751379
2026-08-19 01:00:00+02:00,2026-08-19,2,4.184114802557254
2026-08-19 02:00:00+02:00,2026-08-19,3,4.169799788932919
2026-08-19 03:00:00+02:00,2026-08-19,4,4.163094891631074
2026-08-19 04:00:00+02:00,2026-08-19,5,4.1626040952017185
2026-08-19 05:00:00+02:00,2026-08-19,6,4.175256638800343
2026-08-19 06:00:00+02:00,2026-08-19,7,4.200972497216164
2026-08-19 07:00:00+02:00,2026-08-19,8,4.236259419638635
2026-08-19 08:00:00+02:00,2026-08-19,9,4.278181446318879
2026-08-19 09:00:00+02:00,2026-08-19,10,4.324329249957522
2026-08-19 10:00:00+02:00,2026-08-19,11,4.371921606036798
2026-08-19 11:00:00+02:00,2026-08-19,12,4.417891373984362
2026-08-19 12:00:00+02:00,2026-08-19,13,4.45930026366055
2026-08-19 13:00:00+02:00,2026-08-19,14,4.493569490552401
2026-08-19 14:00:00+02:00,2026-08-19,15,4.518606889547914
2026-08-19 15:00:00+02:00,2026-08-19,16,4.53293392990284
2026-08-19 16:00:00+02:00,2026-08-19,17,4.535793992526598
2026-08-19 17:00:00+02:00,2026-08-19,18,4.527215375478624
2026-08-19 18:00:00+02:00,2026-08-19,19,4.508271161617307
2026-08-19 19:00:00+02:00,2026-08-19,20,4.481112855325422
2026-08-19 20:00:00+02:00,2026-08-19,21,4.447271223051416
2026-08-19 21:00:00+02:00,2026-08-19,22,4.408747820350867
2026-08-19 22:00:00+02:00,2026-08-19,23,4.368346937882382
2026-08-19 23:00:00+02:00,2026-08-19,24,4.329101930115525
2026-08-20 00:00:00+02:00,2026-08-20,1,4.243752262986916
2026-08-20 01:00:00+02:00,2026-08-20,2,4.18680082128965
2026-08-20 02:00:00+02:00,2026-08-20,3,4.170540000764976
2026-08-20 03:00:00+02:00,2026-08-20,4,4.164881367286244
2026-08-20 04:00:00+02:00,2026-08-20,5,4.162605413986446
2026-08-20 05:00:00+02:00,2026-08-20,6,4.17236769312638
2026-08-20 06:00:00+02:00,2026-08-20,7,4.195965198557952
2026-08-20 07:00:00+02:00,2026-08-20,8,4.229636809732215
2026-08-20 08:00:00+02:00,2026-08-20,9,4.269817246338487
2026-08-20 09:00:00+02:00,2026-08-20,10,4.314074341041497
2026-08-20 10:00:00+02:00,2026-08-20,11,4.359813624336844
2026-08-20 11:00:00+02:00,2026-08-20,12,4.4040159672228905
2026-08-20 12:00:00+02:00,2026-08-20,13,4.443705165156773
2026-08-20 13:00:00+02:00,2026-08-20,14,4.476277279655752
2026-08-20 14:00:00+02:00,2026-08-20,15,4.499631186672365
2026-08-20 15:00:00+02:00,2026-08-20,16,4.512276152869216
2026-08-20 16:00:00+02:00,2026-08-20,17,4.5134397700840445
2026-08-20 17:00:00+02:00,2026-08-20,18,4.503141056673355
2026-08-20 18:00:00+02:00,2026-08-20,19,4.482622385429533
2026-08-20 19:00:00+02:00,2026-08-20,20,4.453796702592847
2026-08-20 20:00:00+02:00,2026-08-20,21,4.418097796786868
2026-08-20 21:00:00+02:00,2026-08-20,22,4.377604038925731
2026-08-20 22:00:00+02:00,2026-08-20,23,4.335164302484291
2026-08-20 23:00:00+02:00,2026-08-20,24,4.293790177548723
2026-08-21 00:00:00+02:00,2026-08-21,1,4.205827517936262
2026-08-21 01:00:00+02:00,2026-08-21,2,4.146263030013015
2026-08-21 02:00:00+02:00,2026-08-21,3,4.128036956022692
2026-08-21 03:00:00+02:00,2026-08-21,4,4.120683253081659
2026-08-21 04:00:00+02:00,2026-08-21,5,4.116462410312212
2026-08-21 05:00:00+02:00,2026-08-21,6,4.1241246951015285
2026-08-21 06:00:00+02:00,2026-08-21,7,4.145489199939377
2026-08-21 07:00:00+02:00,2026-08-21,8,4.17706688802559
2026-08-21 08:00:00+02:00,2026-08-21,9,4.215315523667766
2026-08-21 09:00:00+02:00,2026-08-21,10,4.257689956115838
2026-08-21 10:00:00+02:00,2026-08-21,11,4.301566329711971
2026-08-21 11:00:00+02:00,2026-08-21,12,4.3439528049929255
2026-08-21 12:00:00+02:00,2026-08-21,13,4.381884060420963
2026-08-21 13:00:00+02:00,2026-08-21,14,4.412746579458024
2026-08-21 14:00:00+02:00,2026-08-21,15,4.434427864497363
2026-08-21 15:00:00+02:00,2026-08-21,16,4.445428593763871
2026-08-21 16:00:00+02:00,2026-08-21,17,4.444968126260322
2026-08-21 17:00:00+02:00,2026-08-21,18,4.433067560657556
2026-08-21 18:00:00+02:00,2026-08-21,19,4.411144630358483
2026-08-21 19:00:00+02:00,2026-08-21,20,4.380820157006657
2026-08-21 20:00:00+02:00,2026-08-21,21,4.343462632749743
2026-08-21 21:00:00+02:00,2026-08-21,22,4.301263039487948
2026-08-21 22:00:00+02:00,2026-08-21,23,4.2571050434490685
2026-08-21 23:00:00+02:00,2026-08-21,24,4.213969973051741
2026-08-22 00:00:00+02:00,2026-08-22,1,4.070120168645565
2026-08-22 01:00:00+02:00,2026-08-22,2,3.9394064441134766
2026-08-22 02:00:00+02:00,2026-08-22,3,3.889273706308284
2026-08-22 03:00:00+02:00,2026-08-22,4,3.8645316069289013
2026-08-22 04:00:00+02:00,2026-08-22,5,3.838714086292767
2026-08-22 05:00:00+02:00,2026-08-22,6,3.830442788284603
2026-08-22 06:00:00+02:00,2026-08-22,7,3.8444555819957156
2026-08-22 07:00:00+02:00,2026-08-22,8,3.8724115324439197
2026-08-22 08:00:00+02:00,2026-08-22,9,3.911375397272919
2026-08-22 09:00:00+02:00,2026-08-22,10,3.958885569599331
2026-08-22 10:00:00+02:00,2026-08-22,11,4.010571822968334
2026-08-22 11:00:00+02:00,2026-08-22,12,4.0618080884041055
2026-08-22 12:00:00+02:00,2026-08-22,13,4.108675336862241
2026-08-22 13:00:00+02:00,2026-08-22,14,4.147786151936297
2026-08-22 14:00:00+02:00,2026-08-22,15,4.176225971074847
2026-08-22 15:00:00+02:00,2026-08-22,16,4.191805641973266
2026-08-22 16:00:00+02:00,2026-08-22,17,4.193281281427321
2026-08-22 17:00:00+02:00,2026-08-22,18,4.180442517008767
2026-08-22 18:00:00+02:00,2026-08-22,19,4.15469123209809
2026-08-22 19:00:00+02:00,2026-08-22,20,4.118393830686685
2026-08-22 20:00:00+02:00,2026-08-22,21,4.0731694168455865
2026-08-22 21:00:00+02:00,2026-08-22,22,4.02135616482609
2026-08-22 22:00:00+02:00,2026-08-22,23,3.9663970108301547
2026-08-22 23:00:00+02:00,2026-08-22,24,3.912061947661707
2026-08-23 00:00:00+02:00,2026-08-23,1,3.797854343800208
2026-08-23 01:00:00+02:00,2026-08-23,2,3.707573134766229
2026-08-23 02:00:00+02:00,2026-08-23,3,3.6714640578608404
2026-08-23 03:00:00+02:00,2026-08-23,4,3.6553328057408105
2026-08-23 04:00:00+02:00,2026-08-23,5,3.642933219456406
2026-08-23 05:00:00+02:00,2026-08-23,6,3.6448018203122103
2026-08-23 06:00:00+02:00,2026-08-23,7,3.6654316396164925
2026-08-23 07:00:00+02:00,2026-08-23,8,3.7005108822670496
2026-08-23 08:00:00+02:00,2026-08-23,9,3.74550007254361
2026-08-23 09:00:00+02:00,2026-08-23,10,3.796754151316474
2026-08-23 10:00:00+02:00,2026-08-23,11,3.850541692964068
2026-08-23 11:00:00+02:00,2026-08-23,12,3.902861597365675
2026-08-23 12:00:00+02:00,2026-08-23,13,3.949862726790628
2026-08-23 13:00:00+02:00,2026-08-23,14,3.9881328545222035
2026-08-23 14:00:00+02:00,2026-08-23,15,4.014865724394949
2026-08-23 15:00:00+02:00,2026-08-23,16,4.028037890415952
2026-08-23 16:00:00+02:00,2026-08-23,17,4.026561694122178
2026-08-23 17:00:00+02:00,2026-08-23,18,4.010418614852469
2026-08-23 18:00:00+02:00,2026-08-23,19,3.9816081977102047
2026-08-23 19:00:00+02:00,2026-08-23,20,3.9420151361736826
2026-08-23 20:00:00+02:00,2026-08-23,21,3.893122755502085
2026-08-23 21:00:00+02:00,2026-08-23,22,3.8376276643001734
2026-08-23 22:00:00+02:00,2026-08-23,23,3.779206158627802
2026-08-23 23:00:00+02:00,2026-08-23,24,3.721640275582235
2026-08-24 00:00:00+02:00,2026-08-24,1,3.9650724478370702
2026-08-24 01:00:00+02:00,2026-08-24,2,4.122729624598334
2026-08-24 02:00:00+02:00,2026-08-24,3,4.09312803489987
2026-08-24 03:00:00+02:00,2026-08-24,4,4.02839611106921
2026-08-24 04:00:00+02:00,2026-08-24,5,4.02431082536042
2026-08-24 05:00:00+02:00,2026-08-24,6,4.054405822650904
2026-08-24 06:00:00+02:00,2026-08-24,7,4.087020365010541
2026-08-24 07:00:00+02:00,2026-08-24,8,4.127467793294902
2026-08-24 08:00:00+02:00,2026-08-24,9,4.18084841373273
2026-08-24 09:00:00+02:00,2026-08-24,10,4.242437804665407
2026-08-24 10:00:00+02:00,2026-08-24,11,4.305808561329575
2026-08-24 11:00:00+02:00,2026-08-24,12,4.366803172112823
2026-08-24 12:00:00+02:00,2026-08-24,13,4.422240172409579
2026-08-24 13:00:00+02:00,2026-08-24,14,4.468923016258072
2026-08-24 14:00:00+02:00,2026-08-24,15,4.504022226052649
2026-08-24 15:00:00+02:00,2026-08-24,16,4.525567289097707
2026-08-24 16:00:00+02:00,2026-08-24,17,4.532588243936065
2026-08-24 17:00:00+02:00,2026-08-24,18,4.525131270750702
2026-08-24 18:00:00+02:00,2026-08-24,19,4.5044480720759275
2026-08-24 19:00:00+02:00,2026-08-24,20,4.473609819704302
2026-08-24 20:00:00+02:00,2026-08-24,21,4.434795153834223
2026-08-24 21:00:00+02:00,2026-08-24,22,4.3904807621891475
2026-08-24 22:00:00+02:00,2026-08-24,23,4.344235162497727
2026-08-24 23:00:00+02:00,2026-08-24,24,4.3001273774453
2026-08-25 00:00:00+02:00,2026-08-25,1,4.217304433753491
2026-08-25 01:00:00+02:00,2026-08-25,2,4.160750807875664
2026-08-25 02:00:00+02:00,2026-08-25,3,4.138952184754177
2026-08-25 03:00:00+02:00,2026-08-25,4,4.12807206443938
2026-08-25 04:00:00+02:00,2026-08-25,5,4.125985664772913
2026-08-25 05:00:00+02:00,2026-08-25,6,4.141023445741839
2026-08-25 06:00:00+02:00,2026-08-25,7,4.173455486714444
2026-08-25 07:00:00+02:00,2026-08-25,8,4.219025371716684
2026-08-25 08:00:00+02:00,2026-08-25,9,4.2737078517022375
2026-08-25 09:00:00+02:00,2026-08-25,10,4.334193827291738
2026-08-25 10:00:00+02:00,2026-08-25,11,4.396785850269875
2026-08-25 11:00:00+02:00,2026-08-25,12,4.457425177977337
2026-08-25 12:00:00+02:00,2026-08-25,13,4.512232366778927
2026-08-25 13:00:00+02:00,2026-08-25,14,4.557813226144044
2026-08-25 14:00:00+02:00,2026-08-25,15,4.591409212540289
2026-08-25 15:00:00+02:00,2026-08-25,16,4.611055271065267
2026-08-25 16:00:00+02:00,2026-08-25,17,4.61572419665505
2026-08-25 17:00:00+02:00,2026-08-25,18,4.6054154878521505
2026-08-25 18:00:00+02:00,2026-08-25,19,4.5815002880459295
2026-08-25 19:00:00+02:00,2026-08-25,20,4.546974499247595
2026-08-25 20:00:00+02:00,2026-08-25,21,4.5037744005764875
2026-08-25 21:00:00+02:00,2026-08-25,22,4.454273286082318
2026-08-25 22:00:00+02:00,2026-08-25,23,4.40200478533757
2026-08-25 23:00:00+02:00,2026-08-25,24,4.350923722251463
2026-08-26 00:00:00+02:00,2026-08-26,1,4.25967115510591
2026-08-26 01:00:00+02:00,2026-08-26,2,4.198316611564456
2026-08-26 02:00:00+02:00,2026-08-26,3,4.17665592216269
2026-08-26 03:00:00+02:00,2026-08-26,4,4.166552721439707
2026-08-26 04:00:00+02:00,2026-08-26,5,4.163534067159847
2026-08-26 05:00:00+02:00,2026-08-26,6,4.177238721726678
2026-08-26 06:00:00+02:00,2026-08-26,7,4.208822617438892
2026-08-26 07:00:00+02:00,2026-08-26,8,4.253697041168441
2026-08-26 08:00:00+02:00,2026-08-26,9,4.307433228035757
2026-08-26 09:00:00+02:00,2026-08-26,10,4.366775438648237
2026-08-26 10:00:00+02:00,2026-08-26,11,4.42821639940197
2026-08-26 11:00:00+02:00,2026-08-26,12,4.487758925300589
2026-08-26 12:00:00+02:00,2026-08-26,13,4.541499456620392
2026-08-26 13:00:00+02:00,2026-08-26,14,4.586019927953518
2026-08-26 14:00:00+02:00,2026-08-26,15,4.618548590765217
2026-08-26 15:00:00+02:00,2026-08-26,16,4.637107424913607
2026-08-26 16:00:00+02:00,2026-08-26,17,4.640658697154901
2026-08-26 17:00:00+02:00,2026-08-26,18,4.629198443043689
2026-08-26 18:00:00+02:00,2026-08-26,19,4.604203087052668
2026-08-26 19:00:00+02:00,2026-08-26,20,4.568592511469928
2026-08-26 20:00:00+02:00,2026-08-26,21,4.52423562595908
2026-08-26 21:00:00+02:00,2026-08-26,22,4.473531154407604
2026-08-26 22:00:00+02:00,2026-08-26,23,4.42008702243634
2026-08-26 23:00:00+02:00,2026-08-26,24,4.367910699831346
2026-08-27 00:00:00+02:00,2026-08-27,1,4.260817950577375
2026-08-27 01:00:00+02:00,2026-08-27,2,4.181785796850994
2026-08-27 02:00:00+02:00,2026-08-27,3,4.1562791987225305
2026-08-27 03:00:00+02:00,2026-08-27,4,4.148989971285318
2026-08-27 04:00:00+02:00,2026-08-27,5,4.144770753948747
2026-08-27 05:00:00+02:00,2026-08-27,6,4.15457606669314
2026-08-27 06:00:00+02:00,2026-08-27,7,4.1834531989958315
2026-08-27 07:00:00+02:00,2026-08-27,8,4.226793636048534
2026-08-27 08:00:00+02:00,2026-08-27,9,4.2788819409116305
2026-08-27 09:00:00+02:00,2026-08-27,10,4.336218279155482
2026-08-27 10:00:00+02:00,2026-08-27,11,4.395659624874563
2026-08-27 11:00:00+02:00,2026-08-27,12,4.453363721406661
2026-08-27 12:00:00+02:00,2026-08-27,13,4.505355633677852
2026-08-27 13:00:00+02:00,2026-08-27,14,4.548153744227642
2026-08-27 14:00:00+02:00,2026-08-27,15,4.57897643268392
2026-08-27 15:00:00+02:00,2026-08-27,16,4.59583815020077
2026-08-27 16:00:00+02:00,2026-08-27,17,4.597679983661671
2026-08-27 17:00:00+02:00,2026-08-27,18,4.584481176817358
2026-08-27 18:00:00+02:00,2026-08-27,19,4.557923534578007
2026-08-27 19:00:00+02:00,2026-08-27,20,4.5206448634244625
2026-08-27 20:00:00+02:00,2026-08-27,21,4.4743684303770035
2026-08-27 21:00:00+02:00,2026-08-27,22,4.421579519228456
2026-08-27 22:00:00+02:00,2026-08-27,23,4.3659515222924306
2026-08-27 23:00:00+02:00,2026-08-27,24,4.311465157655288
2026-08-28 00:00:00+02:00,2026-08-28,1,4.201297400435933
2026-08-28 01:00:00+02:00,2026-08-28,2,4.119003893989145
2026-08-28 02:00:00+02:00,2026-08-28,3,4.091221191789625
2026-08-28 03:00:00+02:00,2026-08-28,4,4.0822903963592765
2026-08-28 04:00:00+02:00,2026-08-28,5,4.076095108207345
2026-08-28 05:00:00+02:00,2026-08-28,6,4.083589081194986
2026-08-28 06:00:00+02:00,2026-08-28,7,4.110016006644809
2026-08-28 07:00:00+02:00,2026-08-28,8,4.151091814704806
2026-08-28 08:00:00+02:00,2026-08-28,9,4.201147460712354
2026-08-28 09:00:00+02:00,2026-08-28,10,4.2565267831604965
2026-08-28 10:00:00+02:00,2026-08-28,11,4.314029588203852
2026-08-28 11:00:00+02:00,2026-08-28,12,4.369851519700489
2026-08-28 12:00:00+02:00,2026-08-28,13,4.4200402879128085
2026-08-28 13:00:00+02:00,2026-08-28,14,4.461102170337524
2026-08-28 14:00:00+02:00,2026-08-28,15,4.490238208888666
2026-08-28 15:00:00+02:00,2026-08-28,16,4.505451374368793
2026-08-28 16:00:00+02:00,2026-08-28,17,4.505672449619439
2026-08-28 17:00:00+02:00,2026-08-28,18,4.490880323069505
2026-08-28 18:00:00+02:00,2026-08-28,19,4.462968401082461
2026-08-28 19:00:00+02:00,2026-08-28,20,4.424247510281986
2026-08-28 20:00:00+02:00,2026-08-28,21,4.376317553368239
2026-08-28 21:00:00+02:00,2026-08-28,22,4.321792859398008
2026-08-28 22:00:00+02:00,2026-08-28,23,4.264412584493304
2026-08-28 23:00:00+02:00,2026-08-28,24,4.208120216428639
2026-08-29 00:00:00+02:00,2026-08-29,1,4.065584380183628
2026-08-29 01:00:00+02:00,2026-08-29,2,3.919558579799482
2026-08-29 02:00:00+02:00,2026-08-29,3,3.8540371101284077
2026-08-29 03:00:00+02:00,2026-08-29,4,3.829974485234715
2026-08-29 04:00:00+02:00,2026-08-29,5,3.804954565934179
2026-08-29 05:00:00+02:00,2026-08-29,6,3.794176324492813
2026-08-29 06:00:00+02:00,2026-08-29,7,3.8111507066428114
2026-08-29 07:00:00+02:00,2026-08-29,8,3.8474587540020733
2026-08-29 08:00:00+02:00,2026-08-29,9,3.8966821664903106
2026-08-29 09:00:00+02:00,2026-08-29,10,3.9554939098882738
2026-08-29 10:00:00+02:00,2026-08-29,11,4.019360427552484
2026-08-29 11:00:00+02:00,2026-08-29,12,4.082715639694282
2026-08-29 12:00:00+02:00,2026-08-29,13,4.140571359770452
2026-08-29 13:00:00+02:00,2026-08-29,14,4.188783472411199
2026-08-29 14:00:00+02:00,2026-08-29,15,4.2238525248612735
2026-08-29 15:00:00+02:00,2026-08-29,16,4.2431043123274925
2026-08-29 16:00:00+02:00,2026-08-29,17,4.244995133771858
2026-08-29 17:00:00+02:00,2026-08-29,18,4.229263000196369
2026-08-29 18:00:00+02:00,2026-08-29,19,4.19776642732191
2026-08-29 19:00:00+02:00,2026-08-29,20,4.1535337221170785
2026-08-29 20:00:00+02:00,2026-08-29,21,4.098402005202031
2026-08-29 21:00:00+02:00,2026-08-29,22,4.035010310375775
2026-08-29 22:00:00+02:00,2026-08-29,23,3.9675148199187698
2026-08-29 23:00:00+02:00,2026-08-29,24,3.900569726566127
2026-08-30 00:00:00+02:00,2026-08-30,1,3.766793619153086
2026-08-30 01:00:00+02:00,2026-08-30,2,3.6533386439235596
2026-08-30 02:00:00+02:00,2026-08-30,3,3.6047094876554278
2026-08-30 03:00:00+02:00,2026-08-30,4,3.5862288977077763
2026-08-30 04:00:00+02:00,2026-08-30,5,3.5716841323354944
2026-08-30 05:00:00+02:00,2026-08-30,6,3.571532411540463
2026-08-30 06:00:00+02:00,2026-08-30,7,3.595068194375036
2026-08-30 07:00:00+02:00,2026-08-30,8,3.6379289525650336
2026-08-30 08:00:00+02:00,2026-08-30,9,3.693345722850549
2026-08-30 09:00:00+02:00,2026-08-30,10,3.7563346816259826
2026-08-30 10:00:00+02:00,2026-08-30,11,3.8225821910359343
2026-08-30 11:00:00+02:00,2026-08-30,12,3.887324254414219
2026-08-30 12:00:00+02:00,2026-08-30,13,3.945756637557566
2026-08-30 13:00:00+02:00,2026-08-30,14,3.9936216077837434
2026-08-30 14:00:00+02:00,2026-08-30,15,4.027449650629443
2026-08-30 15:00:00+02:00,2026-08-30,16,4.044720290157649
2026-08-30 16:00:00+02:00,2026-08-30,17,4.044042916121083
2026-08-30 17:00:00+02:00,2026-08-30,18,4.025328839243787
2026-08-30 18:00:00+02:00,2026-08-30,19,3.991058319235533
2026-08-30 19:00:00+02:00,2026-08-30,20,3.9438157157673075
2026-08-30 20:00:00+02:00,2026-08-30,21,3.885201890392339
2026-08-30 21:00:00+02:00,2026-08-30,22,3.818196670222965
2026-08-30 22:00:00+02:00,2026-08-30,23,3.7472654016214078
2026-08-30 23:00:00+02:00,2026-08-30,24,3.6771067309502232
